from,to,year,week
islam,hindu,2017,27
hindu,islam,2017,27
hindu,christianity,2017,27
christian,hindu,2017,27
hindu,christianity,2017,27
christian,hindu,2017,51
hindu,christianity,2017,51
hindu,islam,2017,51
hindu,christianity,2017,51
hindu,christianity,2017,51
hindu,islam,2017,51
christian,islam,2017,51
hindu,islam,2017,42
hindu,islam,2017,42
hindu,christianity,2017,42
hindu,islam,2017,42
christian,islam,2017,42
christian,hindu,2017,48
hindu,islam,2017,48
hindu,islam,2017,48
hindu,christianity,2017,48
hindu,christianity,2017,48
hindu,christianity,2017,48
christian,islam,2017,14
hindu,christianity,2017,14
islam,christianity,2017,14
hindu,christianity,2017,14
hindu,islam,2017,14
hindu,christianity,2017,14
christian,islam,2017,14
hindu,islam,2017,49
hindu,islam,2017,49
hindu,islam,2017,49
hindu,christianity,2017,49
hindu,islam,2017,49
hindu,islam,2017,49
hindu,christianity,2017,49
hindu,islam,2017,49
hindu,christianity,2017,6
hindu,islam,2017,6
hindu,islam,2017,6
hindu,islam,2017,6
hindu,islam,2017,6
hindu,christianity,2017,6
hindu,christianity,2017,6
christian,hindu,2017,6
hindu,christianity,2017,44
hindu,christianity,2017,44
hindu,islam,2017,44
hindu,christianity,2017,44
hindu,christianity,2017,44
hindu,islam,2017,16
hindu,islam,2017,16
hindu,islam,2017,16
hindu,islam,2017,16
hindu,christianity,2017,16
hindu,christianity,2017,16
hindu,christianity,2017,38
hindu,islam,2017,38
christian,hindu,2017,38
hindu,christianity,2017,38
hindu,islam,2017,38
islam,hindu,2017,3
hindu,christianity,2017,3
hindu,islam,2017,3
islam,christianity,2017,3
christian,hindu,2017,3
islam,hindu,2017,3
hindu,islam,2017,3
hindu,christianity,2017,3
hindu,christianity,2017,3
hindu,islam,2017,33
hindu,christianity,2017,33
christian,hindu,2017,33
hindu,christianity,2017,33
islam,hindu,2017,33
hindu,islam,2017,33
hindu,islam,2017,33
hindu,islam,2017,43
hindu,christianity,2017,43
hindu,christianity,2017,43
hindu,islam,2017,4
christian,hindu,2017,4
christian,hindu,2017,4
hindu,christianity,2017,4
christian,hindu,2017,4
hindu,christianity,2017,37
islam,hindu,2017,37
islam,hindu,2017,37
christian,hindu,2017,37
christian,hindu,2017,37
hindu,islam,2017,18
hindu,islam,2017,18
christian,hindu,2017,18
hindu,islam,2017,18
christian,hindu,2017,18
hindu,islam,2017,18
hindu,christianity,2017,18
christian,hindu,2017,21
hindu,christianity,2017,21
hindu,islam,2017,21
hindu,christianity,2017,21
hindu,islam,2017,21
hindu,islam,2017,21
hindu,christianity,2017,26
hindu,islam,2017,26
islam,hindu,2017,26
hindu,islam,2017,26
hindu,christianity,2017,26
hindu,islam,2017,28
hindu,islam,2017,28
hindu,islam,2017,28
hindu,islam,2017,28
christian,islam,2017,28
hindu,islam,2017,28
hindu,islam,2017,35
hindu,islam,2017,35
christian,hindu,2017,35
hindu,islam,2017,35
hindu,islam,2017,30
hindu,islam,2017,30
hindu,islam,2017,30
hindu,islam,2017,30
hindu,islam,2017,30
hindu,christianity,2017,30
hindu,islam,2017,30
hindu,islam,2017,40
hindu,islam,2017,40
hindu,christianity,2017,40
hindu,islam,2017,40
hindu,islam,2017,40
hindu,christianity,2017,11
hindu,islam,2017,11
hindu,christianity,2017,11
islam,hindu,2017,11
christian,hindu,2017,11
hindu,islam,2017,11
hindu,islam,2017,23
hindu,islam,2017,23
hindu,islam,2017,23
hindu,christianity,2017,23
islam,hindu,2017,23
hindu,christianity,2017,23
hindu,islam,2017,9
hindu,christianity,2017,9
hindu,islam,2017,9
hindu,islam,2017,9
hindu,christianity,2017,9
hindu,christianity,2017,9
christian,islam,2017,29
hindu,islam,2017,29
christian,hindu,2017,29
islam,hindu,2017,29
hindu,islam,2017,29
islam,hindu,2017,29
hindu,christianity,2017,31
hindu,islam,2017,31
hindu,christianity,2017,31
hindu,christianity,2017,31
hindu,christianity,2017,31
hindu,islam,2017,31
hindu,islam,2017,31
hindu,islam,2017,10
christian,islam,2017,10
islam,hindu,2017,10
christian,islam,2017,10
hindu,islam,2017,10
hindu,christianity,2017,10
hindu,islam,2017,10
islam,hindu,2017,46
islam,hindu,2017,46
hindu,islam,2017,46
hindu,islam,2017,46
hindu,christianity,2017,32
hindu,islam,2017,32
hindu,christianity,2017,32
hindu,christianity,2017,32
hindu,islam,2017,32
hindu,islam,2017,20
hindu,islam,2017,20
islam,hindu,2017,20
hindu,islam,2017,20
hindu,islam,2017,20
hindu,islam,2017,20
islam,hindu,2017,20
hindu,christianity,2017,50
hindu,christianity,2017,50
hindu,islam,2017,50
hindu,islam,2017,50
hindu,christianity,2017,50
hindu,christianity,2017,50
hindu,islam,2017,2
hindu,islam,2017,2
hindu,islam,2017,2
hindu,islam,2017,2
hindu,islam,2017,2
hindu,islam,2017,2
hindu,christianity,2017,2
hindu,islam,2017,13
hindu,christianity,2017,13
hindu,islam,2017,13
hindu,islam,2017,13
hindu,islam,2017,13
hindu,islam,2017,13
hindu,islam,2017,13
hindu,islam,2017,19
hindu,islam,2017,19
hindu,islam,2017,19
hindu,islam,2017,19
hindu,islam,2017,19
hindu,islam,2017,19
hindu,christianity,2017,19
hindu,christianity,2017,12
hindu,islam,2017,12
hindu,islam,2017,12
hindu,islam,2017,12
hindu,islam,2017,12
christian,hindu,2017,12
hindu,islam,2017,12
hindu,christianity,2017,12
hindu,islam,2017,22
hindu,islam,2017,22
hindu,christianity,2017,22
hindu,islam,2017,22
hindu,islam,2017,22
hindu,islam,2017,22
hindu,islam,2017,52
hindu,christianity,2017,52
christian,hindu,2017,52
hindu,islam,2017,52
hindu,islam,2017,52
hindu,islam,2017,34
hindu,islam,2017,34
hindu,christianity,2017,34
hindu,islam,2017,34
hindu,christianity,2017,47
hindu,christianity,2017,47
hindu,islam,2017,47
hindu,islam,2017,47
hindu,christianity,2017,47
hindu,islam,2017,39
hindu,islam,2017,39
islam,hindu,2017,39
hindu,islam,2017,39
christian,hindu,2017,39
christian,hindu,2017,39
hindu,christianity,2017,39
islam,hindu,2017,8
islam,hindu,2017,8
hindu,islam,2017,8
christian,hindu,2017,8
hindu,islam,2017,8
hindu,islam,2017,8
hindu,christianity,2017,8
christian,hindu,2017,25
hindu,islam,2017,25
hindu,christianity,2017,25
hindu,islam,2017,25
hindu,islam,2017,25
hindu,islam,2017,25
christian,hindu,2017,7
hindu,islam,2017,7
hindu,islam,2017,7
hindu,islam,2017,7
islam,hindu,2017,7
hindu,christianity,2017,7
hindu,christianity,2017,7
hindu,islam,2017,36
hindu,islam,2017,36
hindu,islam,2017,36
islam,islam,2017,36
hindu,christianity,2017,36
hindu,islam,2017,1
hindu,islam,2017,1
hindu,islam,2017,1
hindu,islam,2017,1
christian,hindu,2017,1
hindu,islam,2017,45
christian,hindu,2017,45
hindu,islam,2017,45
hindu,christianity,2017,45
hindu,islam,2017,15
hindu,islam,2017,15
hindu,christianity,2017,15
hindu,islam,2017,15
hindu,christianity,2017,15
hindu,christianity,2017,15
hindu,islam,2017,15
hindu,christianity,2017,15
hindu,islam,2017,41
hindu,christianity,2017,41
islam,hindu,2017,41
hindu,christianity,2017,41
christian,hindu,2017,41
christian,hindu,2017,41
hindu,christianity,2017,24
hindu,christianity,2017,24
hindu,islam,2017,24
hindu,islam,2017,24
christian,hindu,2017,24
hindu,islam,2017,24
hindu,christianity,2017,24
hindu,islam,2017,17
hindu,christianity,2017,17
hindu,islam,2017,17
islam,christianity,2017,17
islam,christianity,2017,17
hindu,islam,2017,17
islam,hindu,2017,17
hindu,islam,2017,17
hindu,christianity,2017,17
hindu,christianity,2017,17
hindu,islam,2017,5
hindu,islam,2017,5
islam,hindu,2017,5
hindu,islam,2017,5
hindu,islam,2017,5
